{"H":[94.7520019531,94.7520019531,94.7520019531,94.7520019531,94.7520019531,94.7520019531,94.7520019531,94.7520019531,94.7520019531,94.7520019531,94.7520019531,94.7520019531,94.7520019531,94.7520019531,94.7520019531,94.7520019531,94.7520019531,94.7520019531,94.7520019531,94.7520019531,94.7520019531,94.7520019531,94.7520019531,94.7520019531,94.7520019531,94.7520019531,94.7520019531,94.7520019531,94.7520019531,94.7520019531,94.7520019531,94.7520019531,94.7520019531,94.7520019531,94.7520019531,94.7520019531,94.7520019531,96.7679992676,96.7679992676,96.7679992676,96.7679992676,96.7679992676,96.7679992676,96.7679992676,96.7679992676,96.7679992676,96.7679992676,96.7679992676,96.7679992676,96.7679992676,96.7679992676,96.7679992676,96.7679992676,96.7679992676,96.7679992676,96.7679992676,96.7679992676,96.7679992676,96.7679992676,96.7679992676,96.7679992676,96.7679992676,96.7679992676,96.7679992676,96.7679992676,96.7679992676,96.7679992676,96.7679992676,96.7679992676,96.7679992676,96.7679992676,96.7679992676,92.7359985352,92.7359985352,92.7359985352,92.7359985352,98.7840026855,98.7840026855,98.1119995117,98.1119995117,98.1119995117,92.0640014648,92.0640014648,92.0640014648,92.0640014648,92.0640014648,92.0640014648,92.0640014648,92.0640014648,92.0640014648,92.0640014648,92.0640014648,92.0640014648,92.0640014648,92.0640014648,92.0640014648,92.0640014648,92.0640014648,92.0640014648,92.0640014648,92.0640014648,92.0640014648,92.0640014648,92.0640014648,92.0640014648],"W":[94.7520019531,94.7520019531,94.7520019531,94.7520019531,94.7520019531,94.7520019531,94.7520019531,94.7520019531,94.7520019531,94.7520019531,94.7520019531,94.7520019531,94.7520019531,94.7520019531,94.7520019531,94.7520019531,94.7520019531,94.7520019531,94.7520019531,94.7520019531,94.7520019531,94.7520019531,94.7520019531,94.7520019531,94.7520019531,94.7520019531,94.7520019531,94.7520019531,94.7520019531,94.7520019531,94.7520019531,94.7520019531,94.7520019531,94.7520019531,94.7520019531,94.7520019531,94.7520019531,96.7679992676,96.7679992676,96.7679992676,96.7679992676,96.7679992676,96.7679992676,96.7679992676,96.7679992676,96.7679992676,96.7679992676,96.7679992676,96.7679992676,96.7679992676,96.7679992676,96.7679992676,96.7679992676,96.7679992676,96.7679992676,96.7679992676,96.7679992676,96.7679992676,96.7679992676,96.7679992676,96.7679992676,96.7679992676,96.7679992676,96.7679992676,96.7679992676,96.7679992676,96.7679992676,96.7679992676,96.7679992676,96.7679992676,96.7679992676,96.7679992676,92.7359985352,92.7359985352,92.7359985352,92.7359985352,98.7840026855,98.7840026855,98.1119995117,98.1119995117,98.1119995117,92.0640014648,92.0640014648,92.0640014648,92.0640014648,92.0640014648,92.0640014648,92.0640014648,92.0640014648,92.0640014648,92.0640014648,92.0640014648,92.0640014648,92.0640014648,92.0640014648,92.0640014648,92.0640014648,92.0640014648,92.0640014648,92.0640014648,92.0640014648,92.0640014648,92.0640014648,92.0640014648,92.0640014648],"X":[176.870405463,167.395205267,162.65760517,167.395205267,162.65760517,157.920005072,162.65760517,157.920005072,157.920005072,162.65760517,167.395205267,172.132805365,167.395205267,162.65760517,172.132805365,167.395205267,172.132805365,167.395205267,172.132805365,162.65760517,162.65760517,162.65760517,162.65760517,162.65760517,167.395205267,167.395205267,167.395205267,167.395205267,172.132805365,157.920005072,162.65760517,157.920005072,162.65760517,167.395205267,172.132805365,172.132805365,172.132805365,170.956798289,175.795198252,175.795198252,170.956798289,166.118398325,175.795198252,175.795198252,175.795198252,175.795198252,185.471998179,185.471998179,185.471998179,190.310398142,195.148798106,190.310398142,195.148798106,185.471998179,185.471998179,195.148798106,190.310398142,190.310398142,190.310398142,185.471998179,190.310398142,180.633598216,180.633598216,170.956798289,180.633598216,175.795198252,180.633598216,190.310398142,190.310398142,190.310398142,190.310398142,185.471998179,145.286396669,149.923196596,159.19679645,163.833596376,159.700806777,169.579207045,163.519998975,163.519998975,163.519998975,144.233603699,139.630403626,153.440003846,148.836803773,153.440003846,153.440003846,153.440003846,153.440003846,144.233603699,144.233603699,144.233603699,144.233603699,148.836803773,148.836803773,148.836803773,148.836803773,153.440003846,153.440003846,148.836803773,153.440003846,148.836803773,153.440003846,148.836803773,148.836803773],"Y":[67.9055923162,67.9055923162,67.9055923162,67.9055923162,72.6431924139,72.6431924139,72.6431924139,77.3807925116,77.3807925116,63.1679922186,67.9055923162,67.9055923162,67.9055923162,67.9055923162,63.1679922186,67.9055923162,67.9055923162,67.9055923162,67.9055923162,72.6431924139,72.6431924139,67.9055923162,72.6431924139,72.6431924139,72.6431924139,72.6431924139,72.6431924139,67.9055923162,67.9055923162,67.9055923162,67.9055923162,72.6431924139,67.9055923162,72.6431924139,67.9055923162,67.9055923162,67.9055923162,40.320001781,40.320001781,45.1584017444,45.1584017444,64.5120015979,64.5120015979,69.3504015613,64.5120015979,64.5120015979,64.5120015979,59.6736016345,64.5120015979,49.9968017077,49.9968017077,40.320001781,40.320001781,49.9968017077,49.9968017077,45.1584017444,49.9968017077,45.1584017444,40.320001781,40.320001781,45.1584017444,45.1584017444,40.320001781,45.1584017444,49.9968017077,45.1584017444,45.1584017444,49.9968017077,49.9968017077,49.9968017077,54.8352016711,59.6736016345,34.003204641,34.003204641,29.3664047143,34.003204641,31.2815886749,31.2815886749,26.1632009253,31.0688009009,31.0688009009,33.7567935149,29.1535934417,29.1535934417,29.1535934417,33.7567935149,24.5503933685,29.1535934417,29.1535934417,29.1535934417,38.3599935882,33.7567935149,33.7567935149,29.1535934417,29.1535934417,29.1535934417,29.1535934417,24.5503933685,29.1535934417,33.7567935149,33.7567935149,33.7567935149,38.3599935882,29.1535934417,38.3599935882],"IsValid":[1,1,1,1,1,1,1,1,1,1,1,1,1,1,1,1,1,1,1,1,1,1,1,1,1,1,1,1,1,1,1,1,1,1,1,1,1,1,1,1,1,1,1,1,1,1,1,1,1,1,1,1,1,1,1,1,1,1,1,1,1,1,1,1,1,1,1,1,1,1,1,1,1,1,1,1,1,1,1,1,1,1,1,1,1,1,1,1,1,1,1,1,1,1,1,1,1,1,1,1,1,1,1,1,1]}