{"H":[94.7520019531,94.7520019531,94.7520019531,94.7520019531,94.7520019531,94.7520019531,94.7520019531,94.7520019531,94.7520019531,94.7520019531,94.7520019531,94.7520019531,94.7520019531,94.7520019531,94.7520019531,94.7520019531,94.7520019531,94.7520019531,94.7520019531,94.7520019531,94.7520019531,94.7520019531,94.7520019531,94.7520019531,94.7520019531,94.7520019531,94.7520019531,94.7520019531,94.7520019531,94.7520019531,94.7520019531,94.7520019531,94.7520019531,94.7520019531,94.7520019531,94.7520019531,94.7520019531,96.7679992676,96.7679992676,96.7679992676,96.7679992676,96.7679992676,96.7679992676,96.7679992676,96.7679992676,96.7679992676,96.7679992676,96.7679992676,96.7679992676,96.7679992676,96.7679992676,96.7679992676,96.7679992676,96.7679992676,96.7679992676,96.7679992676,96.7679992676,96.7679992676,96.7679992676,96.7679992676,96.7679992676,96.7679992676,96.7679992676,96.7679992676,96.7679992676,96.7679992676,96.7679992676,96.7679992676,96.7679992676,96.7679992676,96.7679992676,96.7679992676,92.7359985352,92.7359985352,92.7359985352,92.7359985352,98.7840026855,98.7840026855,98.1119995117,98.1119995117,98.1119995117,92.0640014648,92.0640014648,92.0640014648,92.0640014648,92.0640014648,92.0640014648,92.0640014648,92.0640014648,92.0640014648,92.0640014648,92.0640014648,92.0640014648,92.0640014648,92.0640014648,92.0640014648,92.0640014648,92.0640014648,92.0640014648,92.0640014648,92.0640014648,92.0640014648,92.0640014648,92.0640014648,92.0640014648],"W":[94.7520019531,94.7520019531,94.7520019531,94.7520019531,94.7520019531,94.7520019531,94.7520019531,94.7520019531,94.7520019531,94.7520019531,94.7520019531,94.7520019531,94.7520019531,94.7520019531,94.7520019531,94.7520019531,94.7520019531,94.7520019531,94.7520019531,94.7520019531,94.7520019531,94.7520019531,94.7520019531,94.7520019531,94.7520019531,94.7520019531,94.7520019531,94.7520019531,94.7520019531,94.7520019531,94.7520019531,94.7520019531,94.7520019531,94.7520019531,94.7520019531,94.7520019531,94.7520019531,96.7679992676,96.7679992676,96.7679992676,96.7679992676,96.7679992676,96.7679992676,96.7679992676,96.7679992676,96.7679992676,96.7679992676,96.7679992676,96.7679992676,96.7679992676,96.7679992676,96.7679992676,96.7679992676,96.7679992676,96.7679992676,96.7679992676,96.7679992676,96.7679992676,96.7679992676,96.7679992676,96.7679992676,96.7679992676,96.7679992676,96.7679992676,96.7679992676,96.7679992676,96.7679992676,96.7679992676,96.7679992676,96.7679992676,96.7679992676,96.7679992676,92.7359985352,92.7359985352,92.7359985352,92.7359985352,98.7840026855,98.7840026855,98.1119995117,98.1119995117,98.1119995117,92.0640014648,92.0640014648,92.0640014648,92.0640014648,92.0640014648,92.0640014648,92.0640014648,92.0640014648,92.0640014648,92.0640014648,92.0640014648,92.0640014648,92.0640014648,92.0640014648,92.0640014648,92.0640014648,92.0640014648,92.0640014648,92.0640014648,92.0640014648,92.0640014648,92.0640014648,92.0640014648,92.0640014648],"X":[58.4304030211,48.9552028258,44.2176027282,44.2176027282,39.4800026305,39.4800026305,44.2176027282,44.2176027282,44.2176027282,44.2176027282,53.6928029235,48.9552028258,44.2176027282,44.2176027282,48.9552028258,48.9552028258,48.9552028258,48.9552028258,53.6928029235,44.2176027282,44.2176027282,44.2176027282,44.2176027282,39.4800026305,44.2176027282,48.9552028258,53.6928029235,48.9552028258,53.6928029235,34.7424025328,39.4800026305,39.4800026305,44.2176027282,48.9552028258,48.9552028258,48.9552028258,48.9552028258,49.9967992043,49.9967992043,54.8351991677,49.9967992043,45.158399241,54.8351991677,54.8351991677,54.8351991677,54.8351991677,59.6735991311,64.5119990945,64.5119990945,69.3503990579,69.3503990579,69.3503990579,64.5119990945,59.6735991311,64.5119990945,64.5119990945,64.5119990945,64.5119990945,64.5119990945,59.6735991311,64.5119990945,59.6735991311,49.9967992043,40.3199992776,54.8351991677,54.8351991677,59.6735991311,64.5119990945,59.6735991311,59.6735991311,64.5119990945,59.6735991311,20.092798647,15.4559987202,24.7295985737,29.3663985005,31.2816032855,41.1600035541,26.1631996587,31.0687996343,35.9743996099,19.9472017218,10.7408015753,19.9472017218,19.9472017218,24.5504017951,19.9472017218,24.5504017951,24.5504017951,15.3440016486,15.3440016486,15.3440016486,19.9472017218,19.9472017218,19.9472017218,19.9472017218,24.5504017951,24.5504017951,24.5504017951,24.5504017951,29.1536018683,19.9472017218,24.5504017951,15.3440016486,24.5504017951],"Y":[53.6927920233,63.1679922186,63.1679922186,58.4303921209,63.1679922186,67.9055923162,67.9055923162,67.9055923162,67.9055923162,58.4303921209,58.4303921209,58.4303921209,58.4303921209,63.1679922186,53.6927920233,63.1679922186,58.4303921209,63.1679922186,63.1679922186,67.9055923162,67.9055923162,63.1679922186,67.9055923162,63.1679922186,63.1679922186,67.9055923162,63.1679922186,63.1679922186,53.6927920233,58.4303921209,58.4303921209,67.9055923162,63.1679922186,67.9055923162,58.4303921209,58.4303921209,58.4303921209,35.4816018176,30.6432018542,40.320001781,40.320001781,59.6736016345,59.6736016345,64.5120015979,59.6736016345,59.6736016345,54.8352016711,54.8352016711,59.6736016345,45.1584017444,40.320001781,35.4816018176,35.4816018176,40.320001781,45.1584017444,40.320001781,40.320001781,35.4816018176,30.6432018542,30.6432018542,35.4816018176,40.320001781,35.4816018176,40.320001781,40.320001781,40.320001781,40.320001781,40.320001781,45.1584017444,45.1584017444,45.1584017444,49.9968017077,29.3664047143,29.3664047143,24.7296047875,20.0928048608,21.4031884064,21.4031884064,16.3520009741,16.3520009741,21.2576009497,19.9471932952,19.9471932952,24.5503933685,19.9471932952,24.5503933685,19.9471932952,19.9471932952,19.9471932952,19.9471932952,29.1535934417,24.5503933685,19.9471932952,19.9471932952,19.9471932952,19.9471932952,15.343993222,15.343993222,19.9471932952,19.9471932952,19.9471932952,24.5503933685,29.1535934417,24.5503933685,24.5503933685],"IsValid":[1,1,1,1,1,1,1,1,1,1,1,1,1,1,1,1,1,1,1,1,1,1,1,1,1,1,1,1,1,1,1,1,1,1,1,1,1,1,1,1,1,1,1,1,1,1,1,1,1,1,1,1,1,1,1,1,1,1,1,1,1,1,1,1,1,1,1,1,1,1,1,1,1,1,1,1,1,1,1,1,1,1,1,1,1,1,1,1,1,1,1,1,1,1,1,1,1,1,1,1,1,1,1,1,1]}