{"H":[315.839999244,315.839999244,315.839999244,315.839999244,315.839999244,315.839999244,315.839999244,315.839999244,315.839999244,315.839999244,315.839999244,315.839999244,315.839999244,315.839999244,315.839999244,315.839999244,315.839999244,315.839999244,315.839999244,315.839999244,315.839999244,315.839999244,315.839999244,315.839999244,315.839999244,315.839999244,315.839999244,315.839999244,315.839999244,315.839999244,315.839999244,315.839999244,315.839999244,315.839999244,315.839999244,315.839999244,315.839999244,322.559999228,322.559999228,322.559999228,322.559999228,322.559999228,322.559999228,322.559999228,322.559999228,322.559999228,322.559999228,322.559999228,322.559999228,322.559999228,322.559999228,322.559999228,322.559999228,322.559999228,322.559999228,322.559999228,322.559999228,322.559999228,322.559999228,322.559999228,322.559999228,322.559999228,322.559999228,322.559999228,322.559999228,322.559999228,322.559999228,322.559999228,322.559999228,322.559999228,322.559999228,322.559999228,309.11999926,309.11999926,309.11999926,309.11999926,329.279999211,329.279999211,327.039999217,327.039999217,327.039999217,306.879999265,306.879999265,306.879999265,306.879999265,306.879999265,306.879999265,306.879999265,306.879999265,306.879999265,306.879999265,306.879999265,306.879999265,306.879999265,306.879999265,306.879999265,306.879999265,306.879999265,306.879999265,306.879999265,306.879999265,306.879999265,306.879999265,306.879999265,306.879999265],"W":[315.839999244,315.839999244,315.839999244,315.839999244,315.839999244,315.839999244,315.839999244,315.839999244,315.839999244,315.839999244,315.839999244,315.839999244,315.839999244,315.839999244,315.839999244,315.839999244,315.839999244,315.839999244,315.839999244,315.839999244,315.839999244,315.839999244,315.839999244,315.839999244,315.839999244,315.839999244,315.839999244,315.839999244,315.839999244,315.839999244,315.839999244,315.839999244,315.839999244,315.839999244,315.839999244,315.839999244,315.839999244,322.559999228,322.559999228,322.559999228,322.559999228,322.559999228,322.559999228,322.559999228,322.559999228,322.559999228,322.559999228,322.559999228,322.559999228,322.559999228,322.559999228,322.559999228,322.559999228,322.559999228,322.559999228,322.559999228,322.559999228,322.559999228,322.559999228,322.559999228,322.559999228,322.559999228,322.559999228,322.559999228,322.559999228,322.559999228,322.559999228,322.559999228,322.559999228,322.559999228,322.559999228,322.559999228,309.11999926,309.11999926,309.11999926,309.11999926,329.279999211,329.279999211,327.039999217,327.039999217,327.039999217,306.879999265,306.879999265,306.879999265,306.879999265,306.879999265,306.879999265,306.879999265,306.879999265,306.879999265,306.879999265,306.879999265,306.879999265,306.879999265,306.879999265,306.879999265,306.879999265,306.879999265,306.879999265,306.879999265,306.879999265,306.879999265,306.879999265,306.879999265,306.879999265],"X":[109.080000378,111.080000378,115.080000378,113.080000378,117.080000378,119.080000378,119.080000378,121.080000378,119.080000378,121.080000378,119.080000378,117.080000378,117.080000378,117.080000378,111.080000378,111.080000378,111.080000378,111.080000378,111.080000378,115.080000378,115.080000378,113.080000378,115.080000378,117.080000378,117.080000378,117.080000378,115.080000378,115.080000378,113.080000378,127.080000378,123.080000378,121.080000378,117.080000378,107.080000378,107.080000378,107.080000378,107.080000378,308.720000386,308.720000386,306.720000386,306.720000386,296.720000386,296.720000386,296.720000386,296.720000386,296.720000386,276.720000386,276.720000386,278.720000386,274.720000386,274.720000386,274.720000386,276.720000386,282.720000386,284.720000386,282.720000386,286.720000386,288.720000386,288.720000386,290.720000386,288.720000386,292.720000386,294.720000386,294.720000386,292.720000386,292.720000386,292.720000386,308.720000386,308.720000386,308.720000386,308.720000386,308.720000386,113.44000037,113.44000037,113.44000037,113.44000037,112.360000394,112.360000394,116.480000392,116.480000392,116.480000392,117.560000367,117.560000367,113.560000367,109.560000367,107.560000367,107.560000367,105.560000367,105.560000367,115.560000367,117.560000367,117.560000367,115.560000367,117.560000367,117.560000367,117.560000367,117.560000367,113.560000367,113.560000367,113.560000367,113.560000367,115.560000367,115.560000367,115.560000367,115.560000367],"Y":[205.080000378,203.080000378,203.080000378,205.080000378,201.080000378,201.080000378,201.080000378,201.080000378,201.080000378,209.080000378,211.080000378,211.080000378,211.080000378,209.080000378,209.080000378,209.080000378,209.080000378,209.080000378,209.080000378,207.080000378,207.080000378,207.080000378,207.080000378,209.080000378,209.080000378,211.080000378,211.080000378,213.080000378,215.080000378,211.080000378,211.080000378,211.080000378,211.080000378,211.080000378,211.080000378,211.080000378,211.080000378,28.7200003862,28.7200003862,26.7200003862,26.7200003862,20.7200003862,20.7200003862,20.7200003862,24.7200003862,24.7200003862,34.7200003862,36.7200003862,36.7200003862,46.7200003862,46.7200003862,42.7200003862,42.7200003862,20.7200003862,20.7200003862,20.7200003862,20.7200003862,20.7200003862,20.7200003862,20.7200003862,20.7200003862,20.7200003862,20.7200003862,20.7200003862,20.7200003862,20.7200003862,22.7200003862,-1.27999961376,-5.27999961376,-7.27999961376,-7.27999961376,-7.27999961376,7.44000037014,7.44000037014,7.44000037014,7.44000037014,14.3600003943,14.3600003943,16.4800003916,14.4800003916,14.4800003916,17.5600003675,19.5600003675,19.5600003675,17.5600003675,15.5600003675,17.5600003675,19.5600003675,19.5600003675,15.5600003675,13.5600003675,15.5600003675,17.5600003675,17.5600003675,17.5600003675,17.5600003675,19.5600003675,21.5600003675,21.5600003675,21.5600003675,19.5600003675,19.5600003675,19.5600003675,21.5600003675,23.5600003675],"IsValid":[1,1,1,1,1,1,1,1,1,1,1,1,1,1,1,1,1,1,1,1,1,1,1,1,1,1,1,1,1,1,1,1,1,1,1,1,1,1,1,1,1,1,1,1,1,1,1,1,1,1,1,1,1,1,1,1,1,1,1,1,1,1,1,1,1,1,1,1,1,1,1,1,1,1,1,1,1,1,1,1,1,1,1,1,1,1,1,1,1,1,1,1,1,1,1,1,1,1,1,1,1,1,1,1,1]}