{"DotNum":[0,0,0,0,1,1,1,1,1,2,2,2,2,2,3,3,3,3,3,4,4,4,4,4,5,5,5,5,5,6,6,6,6,7,7,7,7,8,8,8,8,9,9,9,9,9,10,10,10,11,11,11,11,12,12,12,12,12,13,13,13,13,13,14,14,14,14,15,15,15,15,15,16,16,16,16,17,17,17,17,17,18,18,18,19,19,19,19,19,20,20,20,20,21,21,21,21,22,22,22,22,23,23,23,23],"XPts":[280,280,280,280,259.029130936,259.029130936,259.029130936,259.029130936,259.029130936,154.683353901,154.683353901,154.683353901,154.683353901,154.683353901,280,280,280,280,280,82.030633688,82.030633688,82.030633688,82.030633688,82.030633688,84.3803346157,84.3803346157,84.3803346157,84.3803346157,84.3803346157,137.572519779,137.572519779,137.572519779,137.572519779,220,220,220,220,484.866323471,484.866323471,484.866323471,484.866323471,103.287036061,103.287036061,103.287036061,103.287036061,103.287036061,128.374652863,128.374652863,128.374652863,522.482503414,522.482503414,522.482503414,522.482503414,198.643537521,198.643537521,198.643537521,198.643537521,198.643537521,40,40,40,40,40,528,528,528,528,528,528,528,528,528,40,40,40,40,406,406,406,406,406,418.009613514,418.009613514,418.009613514,488.581876278,488.581876278,488.581876278,488.581876278,488.581876278,528,528,528,528,42.5460813865,42.5460813865,42.5460813865,42.5460813865,464.005806446,464.005806446,464.005806446,464.005806446,305.287515163,305.287515163,305.287515163,305.287515163],"YPts":[284,284,284,284,267.579434633,267.579434633,267.579434633,267.579434633,267.579434633,212.377665043,212.377665043,212.377665043,212.377665043,212.377665043,40,40,40,40,40,325.916470051,325.916470051,325.916470051,325.916470051,325.916470051,204.672937393,204.672937393,204.672937393,204.672937393,204.672937393,445.089207172,445.089207172,445.089207172,445.089207172,162,162,162,162,120.562543869,120.562543869,120.562543869,120.562543869,233.345999718,233.345999718,233.345999718,233.345999718,233.345999718,244.891400337,244.891400337,244.891400337,105.930793285,105.930793285,105.930793285,105.930793285,215.375127792,215.375127792,215.375127792,215.375127792,215.375127792,160,160,160,160,160,280,280,280,280,40,40,40,40,40,160,160,160,160,220,220,220,220,220,141.165084839,141.165084839,141.165084839,250.04181385,250.04181385,250.04181385,250.04181385,250.04181385,160,160,160,160,193.59916687,193.59916687,193.59916687,193.59916687,227.834496498,227.834496498,227.834496498,227.834496498,230.289268494,230.289268494,230.289268494,230.289268494],"XCam":[1.93875,1.93875,1.93875,1.93875,1.59993939668,1.59993939668,1.59993939668,1.59993939668,1.59993939668,-0.0858970635384,-0.0858970635384,-0.0858970635384,-0.0858970635384,-0.0858970635384,1.93875,1.93875,1.93875,1.93875,1.93875,-1.25969257448,-1.25969257448,-1.25969257448,-1.25969257448,-1.25969257448,-1.22173021886,-1.22173021886,-1.22173021886,-1.22173021886,-1.22173021886,-0.362343977317,-0.362343977317,-0.362343977317,-0.362343977317,0.969375,0.969375,0.969375,0.969375,-2.38796708124,-2.38796708124,-2.38796708124,-2.38796708124,-8.46031774831,-8.46031774831,-8.46031774831,-8.46031774831,-8.46031774831,-8.06108012813,-8.06108012813,-8.06108012813,-1.78935325993,-1.78935325993,-1.78935325993,-1.78935325993,-6.94283990201,-6.94283990201,-6.94283990201,-6.94283990201,-6.94283990201,-9.46745070423,-9.46745070423,-9.46745070423,-9.46745070423,-9.46745070423,-1.70154929577,-1.70154929577,-1.70154929577,-1.70154929577,-1.70154929577,-1.70154929577,-1.70154929577,-1.70154929577,-1.70154929577,1.70154929577,1.70154929577,1.70154929577,1.70154929577,7.52597535211,7.52597535211,7.52597535211,7.52597535211,7.52597535211,7.71709312773,7.71709312773,7.71709312773,8.84016123182,8.84016123182,8.84016123182,8.84016123182,8.84016123182,9.46745070423,9.46745070423,9.46745070423,9.46745070423,1.74206695361,1.74206695361,1.74206695361,1.74206695361,8.44906423321,8.44906423321,8.44906423321,8.44906423321,5.92326381965,5.92326381965,5.92326381965,5.92326381965],"YCam":[-5.5845,-5.5845,-5.5845,-5.5845,-5.32318751699,-5.32318751699,-5.32318751699,-5.32318751699,-5.32318751699,-4.44472132803,-4.44472132803,-4.44472132803,-4.44472132803,-4.44472132803,-1.70154929577,-1.70154929577,-1.70154929577,-1.70154929577,-1.70154929577,-6.25154748731,-6.25154748731,-6.25154748731,-6.25154748731,-6.25154748731,-4.32211035404,-4.32211035404,-4.32211035404,-4.32211035404,-4.32211035404,-8.14803053456,-8.14803053456,-8.14803053456,-8.14803053456,-3.64302464789,-3.64302464789,-3.64302464789,-3.64302464789,0.637161400616,0.637161400616,0.637161400616,0.637161400616,-1.18499630794,-1.18499630794,-1.18499630794,-1.18499630794,-1.18499630794,-1.3715266867,-1.3715266867,-1.3715266867,0.873555620983,0.873555620983,0.873555620983,0.873555620983,-0.894654408395,-0.894654408395,-0.894654408395,-0.894654408395,-0.894654408395,0,0,0,0,0,-1.93875,-1.93875,-1.93875,-1.93875,1.93875,1.93875,1.93875,1.93875,1.93875,0,0,0,0,-0.969375,-0.969375,-0.969375,-0.969375,-0.969375,0.304301598072,0.304301598072,0.304301598072,-1.45473805502,-1.45473805502,-1.45473805502,-1.45473805502,-1.45473805502,0,0,0,0,-0.542836539745,-0.542836539745,-0.542836539745,-0.542836539745,-1.09595108405,-1.09595108405,-1.09595108405,-1.09595108405,-1.1356109941,-1.1356109941,-1.1356109941,-1.1356109941],"Time":[0.258635,0.310746,0.363716,0.418006,0.200664,0.256052,0.310375,0.370677,0.426489,0.2324,0.288578,0.34282,0.404828,0.469088,0.236598,0.290522,0.34929,0.406001,0.467749,0.234814,0.290734,0.342859,0.404641,0.467301,0.24101,0.292791,0.348021,0.403652,0.456649,0.266544,0.32318,0.378218,0.434639,0.270945,0.329289,0.387508,0.445925,0.232421,0.304546,0.366701,0.42039,0.20829,0.261676,0.319978,0.37884,0.437633,0.282988,0.343236,0.407932,0.25387,0.307581,0.360122,0.418217,0.201739,0.256654,0.311061,0.370141,0.426547,0.203016,0.258615,0.317606,0.373814,0.433372,0.255175,0.314026,0.371027,0.43285,0.211149,0.270782,0.32992,0.386726,0.450016,0.2599,0.316561,0.3763101,0.4362291,0.204866,0.264474,0.326784,0.392321,0.447141,0.23312,0.304437,0.383878,0.200043,0.267266,0.332903,0.388515,0.449252,0.24697,0.309437,0.368836,0.429265,0.244186,0.303377,0.357755,0.41689,0.259438,0.318118,0.374578,0.43681,0.201344,0.26623,0.3318419,0.393693]}