{"X": [35.50971221923828, 35.85901641845703, 32.89390563964844, 33.795082092285156, 35.618255615234375, 33.550575256347656, 35.34004211425781, 32.64985656738281, 32.72865295410156, 35.151283264160156, 35.26318359375], "Y": [-2.4634017944335938, -3.9546356201171875, -5.550045013427734, -3.097658157348633, -2.037464141845703, -4.495887756347656, -7.045225143432617, -7.492549896240234, -4.671237945556641, -3.6053314208984375, -4.655956268310547], "H": [70, 70, 70, 70, 70, 70, 70, 70, 70, 70, 70], "W": [70, 70, 70, 70, 70, 70, 70, 70, 70, 70, 70]}