{"X": [-5.32921028137207, -8.464435577392578, -10.9603271484375, -10.12449836730957, -8.890998840332031, -5.083103179931641, -9.51971435546875, -11.08616828918457, -10.70753288269043, -10.827333450317383, -12.80413818359375], "Y": [-2.0909576416015625, -8.001495361328125, -6.515766143798828, -4.282636642456055, -2.6781349182128906, -4.192506790161133, -4.742059707641602, -6.245927810668945, -5.078458786010742, -4.591939926147461, -4.724973678588867], "H": [70, 70, 70, 70, 70, 70, 70, 70, 70, 70, 70], "W": [70, 70, 70, 70, 70, 70, 70, 70, 70, 70, 70]}