{"H":[101.472,101.472,101.472,101.472,101.472,101.472,101.472,100.128,99.45601,100.8,97.44,98.784,96.76801,96.76801,96.76801,95.424,95.424,96.76801,94.752,80.63999,73.92,0,0,0,0,0,0,0,0,0,0,0,0,0,0,0,0,0,0,0,74.592,74.592,71.90399,71.90399,71.90399,71.90399,71.90399,67.2,67.872,65.856,63.16801,67.872,0,67.2,0,65.184,65.856],"W":[101.472,101.472,101.472,101.472,101.472,101.472,101.472,100.128,99.45601,100.8,97.44,98.784,96.76801,96.76801,96.76801,95.424,95.424,96.76801,94.752,80.63999,73.92,0,0,0,0,0,0,0,0,0,0,0,0,0,0,0,0,0,0,0,74.592,74.592,71.90399,71.90399,71.90399,71.90399,71.90399,67.2,67.872,65.856,63.16801,67.872,0,67.2,0,65.184,65.856],"X":[179.2672,179.2672,174.1936,169.12,179.2672,169.12,174.1936,176.8928,175.7056,168,162.4,174.5184,166.1184,166.1184,166.1184,168.5824,173.3536,166.1184,157.92,142.464,130.592,0,0,0,0,0,0,0,0,0,0,0,0,0,0,0,0,0,0,0,120.5904,124.32,123.4352,123.4352,127.0304,123.4352,123.4352,108.64,109.7264,119.6384,111.5968,113.12,0,118.72,0,115.1584,122.9312],"Y":[47.35361,47.35361,47.35361,62.57443,57.50082,52.42722,47.35361,41.71997,36.46722,57.12,45.47198,41.16003,49.9968,45.15839,49.9968,39.75998,30.21762,40.31998,39.48004,41.664,27.10399,0,0,0,0,0,0,0,0,0,0,0,0,0,0,0,0,0,0,0,23.6208,27.3504,26.36482,26.36482,29.96002,22.76962,29.96002,17.92,18.09918,24.14722,29.47836,24.88638,0,24.64,0,23.90079,34.0256],"IsValid":[1,1,1,1,1,1,1,1,1,1,1,1,1,1,1,1,1,1,1,1,1,0,0,0,0,0,0,0,0,0,0,0,0,0,0,0,0,0,0,0,1,1,1,1,1,1,1,1,1,1,1,1,0,1,0,1,1]}