{"H":[101.472,101.472,101.472,101.472,101.472,101.472,101.472,100.128,99.45601,100.8,97.44,98.784,96.76801,96.76801,96.76801,95.424,95.424,96.76801,94.752,80.63999,73.92,0,0,0,0,0,0,0,0,0,0,0,0,0,0,0,0,0,0,0,74.592,74.592,71.90399,71.90399,71.90399,71.90399,71.90399,67.2,67.872,65.856,63.16801,67.872,0,67.2,0,65.184,65.856],"W":[101.472,101.472,101.472,101.472,101.472,101.472,101.472,100.128,99.45601,100.8,97.44,98.784,96.76801,96.76801,96.76801,95.424,95.424,96.76801,94.752,80.63999,73.92,0,0,0,0,0,0,0,0,0,0,0,0,0,0,0,0,0,0,0,74.592,74.592,71.90399,71.90399,71.90399,71.90399,71.90399,67.2,67.872,65.856,63.16801,67.872,0,67.2,0,65.184,65.856],"X":[32.1328,37.2064,32.1328,37.2064,37.2064,32.1328,32.1328,31.7072,26.5216,36.96,25.984,31.2816,30.6432,30.6432,30.6432,25.4464,20.67519,20.9664,25.2672,33.59999,19.712,0,0,0,0,0,0,0,0,0,0,0,0,0,0,0,0,0,0,0,12.432,19.8912,22.76959,26.36479,26.36479,19.17439,26.36479,7.839996,18.0992,17.5616,13.68641,11.312,0,17.92,0,17.3824,24.14719],"Y":[52.42722,47.35361,47.35361,62.57443,57.50082,57.50082,47.35361,46.72638,36.46722,57.12,45.47198,46.09924,49.9968,45.15839,49.9968,39.75998,30.21762,40.31998,39.48004,53.76001,49.28,0,0,0,0,0,0,0,0,0,0,0,0,0,0,0,0,0,0,0,27.3504,27.3504,26.36482,22.76962,29.96002,19.17442,26.36482,17.92,14.70557,20.8544,26.31998,24.88638,0,17.92,0,23.90079,27.44],"IsValid":[1,1,1,1,1,1,1,1,1,1,1,1,1,1,1,1,1,1,1,1,1,0,0,0,0,0,0,0,0,0,0,0,0,0,0,0,0,0,0,0,1,1,1,1,1,1,1,1,1,1,1,1,0,1,0,1,1]}