{"H":[338.24,338.24,338.24,338.24,338.24,338.24,338.24,333.76,331.52,336,324.8,329.28,322.56,322.56,322.56,318.08,318.08,322.56,315.84,268.8,246.4,286.72,264.32,253.12,284.48,275.52,284.48,248.64,250.88,241.92,248.64,271.04,280,280,259.84,266.56,0,150.08,0,150.08,248.64,248.64,239.68,239.68,239.68,239.68,239.68,224,226.24,219.52,210.56,226.24,224,224,210.56,217.28,219.52],"W":[338.24,338.24,338.24,338.24,338.24,338.24,338.24,333.76,331.52,336,324.8,329.28,322.56,322.56,322.56,318.08,318.08,322.56,315.84,268.8,246.4,286.72,264.32,253.12,284.48,275.52,284.48,248.64,250.88,241.92,248.64,271.04,280,280,259.84,266.56,0,150.08,0,150.08,248.64,248.64,239.68,239.68,239.68,239.68,239.68,224,226.24,219.52,210.56,226.24,224,224,210.56,217.28,219.52],"X":[99.88,99.88,103.88,109.88,109.88,121.88,117.88,120.12,120.24,118,122.6,120.36,126.72,126.72,128.72,126.96,126.96,130.72,133.08,305.6,318.8,298.64,365.84,364.44,328.76,327.24,326.76,368.68,360.56,387.04,378.68,351.48,345,343,374.08,367.72,0,97.96002,0,97.96002,106.68,104.68,107.16,107.16,105.16,111.16,111.16,118,117.88,118.24,124.72,115.88,114,114,118.72,116.36,112.24],"Y":[303.88,303.88,303.88,293.88,291.88,301.88,301.88,310.12,308.24,302,314.6,312.36,306.72,310.72,308.72,312.96,312.96,312.72,317.08,9.600006,22.79999,136.64,151.84,160.44,160.76,173.24,168.76,182.68,184.56,171.04,170.68,163.48,161,159,170.08,169.72,0,219.96,0,219.96,170.68,168.68,171.16,155.16,155.16,157.16,157.16,168,167.88,158.24,162.72,165.88,166,164,166.72,164.36,162.24],"IsValid":[1,1,1,1,1,1,1,1,1,1,1,1,1,1,1,1,1,1,1,1,1,1,1,1,1,1,1,1,1,1,1,1,1,1,1,1,0,1,0,1,1,1,1,1,1,1,1,1,1,1,1,1,1,1,1,1,1]}