{"DotNum":[0,0,0,1,1,2,2,3,3,3,4,4,5,5,5,6,6,7,7,8,8,9,10,10,11,11,11,12,12,13,13,14,14,14,15,15,16,16,16,16,17,17,17,18,18,19,19,20,20,21,21,22,22,22,23,23,23],"XPts":[40,40,40,100,100,275.5072,275.5072,131.8538,131.8538,131.8538,162.9913,162.9913,280,280,280,262.7846,262.7846,40,40,105.8755,105.8755,406,445.2878,445.2878,528,528,528,523.7142,523.7142,56.78353,56.78353,406,406,406,128.2352,128.2352,100.8158,100.8158,100.8158,100.8158,503.5278,503.5278,503.5278,40,40,454.4389,454.4389,528,528,40,40,528,528,528,443.6315,443.6315,443.6315],"YPts":[528,528,528,406,406,327.5715,327.5715,98.44119,98.44119,98.44119,120.9963,120.9963,528,528,528,44.46392,44.46392,284,284,271.8559,271.8559,100,92.0643,92.0643,280,280,280,102.6199,102.6199,99.59108,99.59108,220,220,220,119.7323,119.7323,77.07007,77.07007,77.07007,77.07007,168.4506,168.4506,168.4506,160,160,279.3733,279.3733,40,40,280,280,280,280,280,176.5875,176.5875,176.5875],"XCam":[-1.93875,-1.93875,-1.93875,-0.969375,-0.969375,1.8661632,1.8661632,-0.45473704375,-0.45473704375,-0.45473704375,0.048328190625,0.048328190625,1.93875,1.93875,1.93875,1.66061369375,1.66061369375,-1.93875,-1.93875,-8.41912562588,-8.41912562588,-3.64302464789,-3.01780911232,-3.01780911232,-1.70154929577,-1.70154929577,-1.70154929577,-1.76975237007,-1.76975237007,-9.20036209917,-9.20036209917,-3.64302464789,-3.64302464789,-3.64302464789,-8.06329934366,-8.06329934366,2.66935566232,2.66935566232,2.66935566232,2.66935566232,9.07800666232,9.07800666232,9.07800666232,1.70154929577,1.70154929577,8.29681904419,8.29681904419,9.46745070423,9.46745070423,1.70154929577,1.70154929577,9.46745070423,9.46745070423,9.46745070423,8.12483297271,8.12483297271,8.12483297271],"YCam":[-9.46745070423,-9.46745070423,-9.46745070423,-7.52597535211,-7.52597535211,-6.27788519102,-6.27788519102,-2.63156675424,-2.63156675424,-2.63156675424,-2.99050273891,-2.99050273891,-9.46745070423,-9.46745070423,-9.46745070423,-1.77258692408,-1.77258692408,-5.5845,-5.5845,-1.80717188437,-1.80717188437,0.969375,1.09758615312,1.09758615312,-1.93875,-1.93875,-1.93875,0.927047240625,0.927047240625,0.97598161375,0.97598161375,-0.969375,-0.969375,-0.969375,0.650575028125,0.650575028125,1.33983668156,1.33983668156,1.33983668156,1.33983668156,-0.13653000625,-0.13653000625,-0.13653000625,0,0,-1.92862487812,-1.92862487812,1.93875,1.93875,-1.93875,-1.93875,-1.93875,-1.93875,-1.93875,-0.267991796875,-0.267991796875,-0.267991796875],"Time":[0.32805,0.41254,0.512517,0.362755,0.510193,0.301147,0.422065,0.339793,0.440318,0.566245,0.384744,0.485314,0.309273,0.408577,0.519537,0.364703,0.494645,0.359713,0.446721,0.36245,0.467347,0.353316,0.317846,0.415954,0.300316,0.408136,0.506746,0.364185,0.47761,0.33236,0.431722,0.322732,0.434715,0.559908,0.315945,0.418424,0.317903,0.385071,0.49034,0.551086,0.310237,0.401105,0.497124,0.321689,0.434182,0.389487,0.489759,0.31144,0.41048,0.346082,0.471915,0.320306,0.446378,0.537188,0.340034,0.423756,0.540979]}