{"H":[259.84,259.84,259.84,259.84,259.84,230.72,244.16,259.84,259.84,259.84,259.84,259.84,259.84,259.84,259.84,259.84,259.84,259.84,259.84,259.84,259.84,221.76,244.16,212.8,219.52,221.76,212.8,215.04,219.52,217.28,224,224,212.8,208.32,217.28,221.76,221.76,230.72,221.76,221.76,228.48,241.92,224,232.96,208.32,208.32,206.08,206.08,201.6,206.08,232.96,239.68,201.6,199.36],"W":[259.84,259.84,259.84,259.84,259.84,230.72,244.16,259.84,259.84,259.84,259.84,259.84,259.84,259.84,259.84,259.84,259.84,259.84,259.84,259.84,259.84,221.76,244.16,212.8,219.52,221.76,212.8,215.04,219.52,217.28,224,224,212.8,208.32,217.28,221.76,221.76,230.72,221.76,221.76,228.48,241.92,224,232.96,208.32,208.32,206.08,206.08,201.6,206.08,232.96,239.68,201.6,199.36],"X":[114.08,114.08,88.07999,90.07999,96.08002,139.64,130.92,152.08,148.08,146.08,132.08,130.08,130.08,98.08002,98.08002,98.08002,132.08,128.08,114.08,114.08,114.08,336.12,324.92,330.6,330.24,326.12,308.6,314.48,320.24,314.36,310,310,314.6,320.84,316.36,316.12,316.12,311.64,162.12,166.12,101.76,101.04,130,123.52,122.84,122.84,126.96,124.96,99.20001,100.96,101.52,99.16003,113.2001,117.32],"Y":[346.08,340.08,330.08,334.08,332.08,349.64,352.92,352.08,352.08,352.08,346.08,344.08,342.08,336.08,336.08,336.08,342.08,340.08,340.08,338.08,336.08,172.12,168.92,176.6,174.24,170.12,182.6,180.48,178.24,178.36,180,176,184.6,182.84,184.36,184.12,188.12,185.64,192.12,192.12,155.76,153.04,172,165.52,176.84,178.84,192.96,190.96,187.2,188.96,177.52,175.16,197.2,195.32],"IsValid":[1,1,1,1,1,1,1,1,1,1,1,1,1,1,1,1,1,1,1,1,1,1,1,1,1,1,1,1,1,1,1,1,1,1,1,1,1,1,1,1,1,1,1,1,1,1,1,1,1,1,1,1,1,1]}