{"DotNum":[0,0,1,1,1,2,2,3,3,3,4,4,4,5,5,5,6,6,7,7,7,8,8,9,9,9,10,10,11,11,12,12,13,13,14,14,15,15,16,16,17,17,18,18,19,19,20,20,21,21,22,22,23,23],"XPts":[40,40,276.7291,276.7291,276.7291,58.49864,58.49864,168.1353,168.1353,168.1353,262.3805,262.3805,262.3805,145.216,145.216,145.216,280,280,280,280,280,284,284,284,284,284,132.8097,132.8097,327.8555,327.8555,252.4348,252.4348,162,162,284,284,413.2999,413.2999,327.9642,327.9642,260.5015,260.5015,333.732,333.732,406,406,492.7492,492.7492,284,284,284,284,179.9297,179.9297],"YPts":[284,284,480.7963,480.7963,480.7963,173.636,173.636,188.3084,188.3084,188.3084,368.4915,368.4915,368.4915,358.155,358.155,358.155,284,284,40,40,40,280,280,160,160,160,201.2934,201.2934,68.65603,68.65603,70.53043,70.53043,220,220,40,40,139.2081,139.2081,227.1086,227.1086,221.519,221.519,127.047,127.047,220,220,92.44329,92.44329,40,40,160,160,86.88113,86.88113],"XCam":[-1.93875,-1.93875,1.88590452187,1.88590452187,1.88590452187,-1.6398813475,-1.6398813475,0.131435940625,0.131435940625,0.131435940625,1.65408495312,1.65408495312,1.65408495312,-0.238854,-0.238854,-0.238854,1.93875,1.93875,1.93875,1.93875,1.93875,-5.5845,-5.5845,-5.5845,-5.5845,-5.5845,-7.99050197482,-7.99050197482,-4.88659530898,-4.88659530898,-6.08682014577,-6.08682014577,-7.52597535211,-7.52597535211,-5.5845,-5.5845,-3.52685599278,-3.52685599278,6.28413451373,6.28413451373,5.21055115933,5.21055115933,6.37592173944,6.37592173944,7.52597535211,7.52597535211,8.90647890634,8.90647890634,5.5845,5.5845,5.5845,5.5845,3.9283530956,3.9283530956],"YCam":[-5.5845,-5.5845,-8.7162636544,-8.7162636544,-8.7162636544,-3.82819683803,-3.82819683803,-4.06168948521,-4.06168948521,-4.06168948521,-6.9290751206,-6.9290751206,-6.9290751206,-6.7645828257,-6.7645828257,-6.7645828257,-5.5845,-5.5845,-1.70154929577,-1.70154929577,-1.70154929577,-1.93875,-1.93875,0,0,0,-0.66714649375,-0.66714649375,1.47577601531,1.47577601531,1.44549274031,1.44549274031,-0.969375,-0.969375,1.93875,1.93875,0.335919134375,0.335919134375,-1.08422331875,-1.08422331875,-0.99391634375,-0.99391634375,0.53239690625,0.53239690625,-0.969375,-0.969375,1.09146309594,1.09146309594,1.93875,1.93875,0,0,1.18132674344,1.18132674344],"Time":[0.407769,0.523472,0.30361,0.434676,0.54078,0.362446,0.44623,0.320126,0.400975,0.485216,0.345233,0.439876,0.524819,0.32342,0.412145,0.502694,0.361082,0.490446,0.341774,0.43546,0.52499,0.35597,0.474266,0.320041,0.43705,0.527895,0.340966,0.45466,0.383414,0.512046,0.373925,0.497016,0.341696,0.442841,0.380088,0.495184,0.347859,0.447815,0.373281,0.488562,0.368386,0.497118,0.375877,0.495837,0.392888,0.518602,0.325991,0.424324,0.356931,0.482035,0.354133,0.471434,0.370089,0.476976]}