{"H":[266.559999362,266.559999362,266.559999362,266.559999362,266.559999362,266.559999362,266.559999362,266.559999362,266.559999362,266.559999362,266.559999362,266.559999362,266.559999362,266.559999362,266.559999362,266.559999362,266.559999362,266.559999362,266.559999362,266.559999362,266.559999362,266.559999362,266.559999362,266.559999362,266.559999362,266.559999362,266.559999362,266.559999362,266.559999362,266.559999362,266.559999362,266.559999362,266.559999362,266.559999362,268.799999356,268.799999356,268.799999356,268.799999356,264.319999367,259.839999378,255.359999388,246.39999941,223.999999464,223.999999464,223.999999464,223.999999464,223.999999464,223.999999464,223.999999464,226.239999458,226.239999458,226.239999458,226.239999458,223.999999464,223.999999464,223.999999464,223.999999464,223.999999464,223.999999464,223.999999464,223.999999464,223.999999464,223.999999464,223.999999464,223.999999464,223.999999464,244.159999415,244.159999415,244.159999415,244.159999415,244.159999415,244.159999415,262.079999372,273.279999346,277.759999335,273.279999346,282.239999324,291.199999303,286.719999313,277.759999335,248.639999405,244.159999415,244.159999415,244.159999415,244.159999415,223.999999464,212.79999949,206.079999506,203.839999512,203.839999512,203.839999512,203.839999512,203.839999512,203.839999512,268.799999356,268.799999356,268.799999356],"W":[266.559999362,266.559999362,266.559999362,266.559999362,266.559999362,266.559999362,266.559999362,266.559999362,266.559999362,266.559999362,266.559999362,266.559999362,266.559999362,266.559999362,266.559999362,266.559999362,266.559999362,266.559999362,266.559999362,266.559999362,266.559999362,266.559999362,266.559999362,266.559999362,266.559999362,266.559999362,266.559999362,266.559999362,266.559999362,266.559999362,266.559999362,266.559999362,266.559999362,266.559999362,268.799999356,268.799999356,268.799999356,268.799999356,264.319999367,259.839999378,255.359999388,246.39999941,223.999999464,223.999999464,223.999999464,223.999999464,223.999999464,223.999999464,223.999999464,226.239999458,226.239999458,226.239999458,226.239999458,223.999999464,223.999999464,223.999999464,223.999999464,223.999999464,223.999999464,223.999999464,223.999999464,223.999999464,223.999999464,223.999999464,223.999999464,223.999999464,244.159999415,244.159999415,244.159999415,244.159999415,244.159999415,244.159999415,262.079999372,273.279999346,277.759999335,273.279999346,282.239999324,291.199999303,286.719999313,277.759999335,248.639999405,244.159999415,244.159999415,244.159999415,244.159999415,223.999999464,212.79999949,206.079999506,203.839999512,203.839999512,203.839999512,203.839999512,203.839999512,203.839999512,268.799999356,268.799999356,268.799999356],"X":[111.720000319,109.720000319,107.720000319,107.720000319,101.720000319,99.7200003192,101.720000319,103.720000319,113.720000319,113.720000319,113.720000319,113.720000319,113.720000319,121.720000319,121.720000319,121.720000319,121.720000319,119.720000319,119.720000319,121.720000319,119.720000319,115.720000319,113.720000319,113.720000319,115.720000319,115.720000319,115.720000319,115.720000319,115.720000319,117.720000319,117.720000319,117.720000319,111.720000319,109.720000319,271.600000322,279.600000322,285.600000322,275.600000322,279.840000316,282.080000311,284.320000306,290.800000295,286.000000268,284.000000268,284.000000268,282.000000268,284.000000268,282.000000268,282.000000268,285.880000271,283.880000271,281.880000271,281.880000271,264.000000268,264.000000268,268.000000268,274.000000268,280.000000268,278.000000268,276.000000268,274.000000268,272.000000268,272.000000268,272.000000268,272.000000268,274.000000268,118.920000292,118.920000292,122.920000292,122.920000292,120.920000292,122.920000292,115.960000314,107.360000327,105.120000333,105.360000327,100.880000338,96.4000003487,98.6400003433,105.120000333,118.680000298,120.920000292,122.920000292,122.920000292,124.920000292,124.000000268,130.600000255,132.960000247,133.080000244,133.080000244,133.080000244,133.080000244,131.080000244,131.080000244,119.600000322,119.600000322,119.600000322],"Y":[315.720000319,313.720000319,317.720000319,317.720000319,321.720000319,319.720000319,319.720000319,321.720000319,329.720000319,329.720000319,325.720000319,323.720000319,315.720000319,313.720000319,311.720000319,307.720000319,303.720000319,295.720000319,293.720000319,297.720000319,305.720000319,301.720000319,297.720000319,295.720000319,313.720000319,313.720000319,313.720000319,313.720000319,313.720000319,311.720000319,311.720000319,311.720000319,307.720000319,307.720000319,159.600000322,167.600000322,175.600000322,163.600000322,165.840000317,166.080000311,166.320000306,166.800000295,168.000000268,166.000000268,164.000000268,160.000000268,162.000000268,162.000000268,162.000000268,195.880000271,193.880000271,193.880000271,193.880000271,138.000000268,140.000000268,144.000000268,150.000000268,170.000000268,172.000000268,176.000000268,176.000000268,184.000000268,184.000000268,182.000000268,180.000000268,178.000000268,164.920000292,162.920000292,160.920000292,160.920000292,162.920000292,162.920000292,159.960000314,153.360000327,151.120000333,151.360000327,154.880000338,152.400000349,154.640000343,155.120000333,156.680000298,158.920000292,160.920000292,160.920000292,160.920000292,162.000000268,162.600000255,162.960000247,165.080000244,167.080000244,167.080000244,169.080000244,167.080000244,167.080000244,165.600000322,163.600000322,165.600000322],"IsValid":[1,1,1,1,1,1,1,1,1,1,1,1,1,1,1,1,1,1,1,1,1,1,1,1,1,1,1,1,1,1,1,1,1,1,1,1,1,1,1,1,1,1,1,1,1,1,1,1,1,1,1,1,1,1,1,1,1,1,1,1,1,1,1,1,1,1,1,1,1,1,1,1,1,1,1,1,1,1,1,1,1,1,1,1,1,1,1,1,1,1,1,1,1,1,1,1,1]}