{"H":[79.9679992676,79.9679992676,79.9679992676,79.9679992676,79.9679992676,79.9679992676,79.9679992676,79.9679992676,79.9679992676,79.9679992676,79.9679992676,79.9679992676,79.9679992676,79.9679992676,79.9679992676,79.9679992676,79.9679992676,79.9679992676,79.9679992676,79.9679992676,79.9679992676,79.9679992676,79.9679992676,79.9679992676,79.9679992676,79.9679992676,79.9679992676,79.9679992676,79.9679992676,79.9679992676,79.9679992676,79.9679992676,79.9679992676,79.9679992676,80.6400024414,80.6400024414,80.6400024414,80.6400024414,79.2960021973,77.9520019531,76.608001709,0,67.2,67.2,67.2,67.2,67.2,67.2,67.2,67.8719970703,67.8719970703,67.8719970703,67.8719970703,67.2,67.2,67.2,67.2,67.2,67.2,67.2,67.2,67.2,67.2,67.2,67.2,67.2,73.2479980469,73.2479980469,73.2479980469,73.2479980469,73.2479980469,73.2479980469,78.6239990234,81.9840026855,83.3279968262,81.9840026855,84.6719970703,87.3599975586,86.0159973145,83.3279968262,74.591998291,73.2479980469,73.2479980469,73.2479980469,73.2479980469,67.2,63.8400024414,61.8239990234,61.1520019531,61.1520019531,61.1520019531,61.1520019531,61.1520019531,61.1520019531,80.6400024414,80.6400024414,80.6400024414],"W":[79.9679992676,79.9679992676,79.9679992676,79.9679992676,79.9679992676,79.9679992676,79.9679992676,79.9679992676,79.9679992676,79.9679992676,79.9679992676,79.9679992676,79.9679992676,79.9679992676,79.9679992676,79.9679992676,79.9679992676,79.9679992676,79.9679992676,79.9679992676,79.9679992676,79.9679992676,79.9679992676,79.9679992676,79.9679992676,79.9679992676,79.9679992676,79.9679992676,79.9679992676,79.9679992676,79.9679992676,79.9679992676,79.9679992676,79.9679992676,80.6400024414,80.6400024414,80.6400024414,80.6400024414,79.2960021973,77.9520019531,76.608001709,0,67.2,67.2,67.2,67.2,67.2,67.2,67.2,67.8719970703,67.8719970703,67.8719970703,67.8719970703,67.2,67.2,67.2,67.2,67.2,67.2,67.2,67.2,67.2,67.2,67.2,67.2,67.2,73.2479980469,73.2479980469,73.2479980469,73.2479980469,73.2479980469,73.2479980469,78.6239990234,81.9840026855,83.3279968262,81.9840026855,84.6719970703,87.3599975586,86.0159973145,83.3279968262,74.591998291,73.2479980469,73.2479980469,73.2479980469,73.2479980469,67.2,63.8400024414,61.8239990234,61.1520019531,61.1520019531,61.1520019531,61.1520019531,61.1520019531,61.1520019531,80.6400024414,80.6400024414,80.6400024414],"X":[125.283198402,129.281598365,133.279998329,129.281598365,145.275198219,137.278398292,137.278398292,137.278398292,129.281598365,137.278398292,133.279998329,133.279998329,149.273598182,133.279998329,133.279998329,141.276798255,137.278398292,133.279998329,129.281598365,125.283198402,129.281598365,133.279998329,129.281598365,129.281598365,129.281598365,129.281598365,125.283198402,129.281598365,129.281598365,125.283198402,125.283198402,129.281598365,129.281598365,133.279998329,158.592006997,142.464006509,134.400006264,122.304005898,124.230405432,118.227204745,120.019204254,0,118.720000134,118.720000134,122.080000134,122.080000134,118.720000134,125.440000134,118.720000134,109.726392958,113.119992811,123.300792372,130.087992079,138.880000134,145.600000134,145.600000134,142.240000134,122.080000134,125.440000134,125.440000134,128.800000134,135.520000134,135.520000134,138.880000134,142.240000134,135.520000134,122.079995263,125.742395166,129.404795068,133.06719497,129.404795068,129.404795068,131.039997715,136.640006877,134.71359239,136.640006877,132.652793138,136.863994315,143.359993458,134.71359239,128.049595791,129.404795068,122.079995263,118.417595361,118.417595361,115.360000134,106.400006231,112.313597535,111.092805298,117.208005493,114.150405395,117.208005493,117.208005493,117.208005493,134.400006264,142.464006509,134.400006264],"Y":[41.3168018754,37.318401912,25.3232020219,37.318401912,25.3232020219,37.318401912,37.318401912,29.3216019852,13.3280021317,5.33120220497,9.32960216835,9.32960216835,1.33280224159,13.3280021317,17.3264020951,17.3264020951,21.3248020585,29.3216019852,41.3168018754,29.3216019852,29.3216019852,29.3216019852,41.3168018754,41.3168018754,25.3232020219,29.3216019852,25.3232020219,29.3216019852,25.3232020219,29.3216019852,29.3216019852,29.3216019852,33.3200019486,29.3216019852,65.8559910166,49.7279905283,25.5359897959,21.5039896739,25.1103907493,32.4799918979,24.259192656,0,21.2799993294,17.9199993294,21.2799993294,24.6399993294,21.2799993294,27.9999993294,24.6399993294,28.2800103091,14.705610895,14.705610895,7.91841118798,48.1599993294,44.7999993294,34.7199993294,31.3599993294,27.9999993294,24.6399993294,17.9199993294,24.6399993294,17.9199993294,7.83999932945,17.9199993294,11.1999993294,11.1999993294,23.1952067886,23.1952067886,15.8704069839,12.2080070816,19.5328068863,15.8704069839,13.1040031217,25.9615888426,30.5536112291,30.0607889768,31.0464102879,23.2960086498,22.9376096153,30.5536112291,34.8096055789,30.5200065933,30.5200065933,30.5200065933,26.857606691,27.9999993294,23.4079900856,25.7600030452,22.4223919679,22.4223919679,25.4799920656,19.3647918703,16.3071917726,19.3647918703,25.5359897959,21.5039896739,17.4719895518],"IsValid":[1,1,1,1,1,1,1,1,1,1,1,1,1,1,1,1,1,1,1,1,1,1,1,1,1,1,1,1,1,1,1,1,1,1,1,1,1,1,1,1,1,0,1,1,1,1,1,1,1,1,1,1,1,1,1,1,1,1,1,1,1,1,1,1,1,1,1,1,1,1,1,1,1,1,1,1,1,1,1,1,1,1,1,1,1,1,1,1,1,1,1,1,1,1,1,1,1]}