{"H":[79.9679992676,79.9679992676,79.9679992676,79.9679992676,79.9679992676,79.9679992676,79.9679992676,79.9679992676,79.9679992676,79.9679992676,79.9679992676,79.9679992676,79.9679992676,79.9679992676,79.9679992676,79.9679992676,79.9679992676,79.9679992676,79.9679992676,79.9679992676,79.9679992676,79.9679992676,79.9679992676,79.9679992676,79.9679992676,79.9679992676,79.9679992676,79.9679992676,79.9679992676,79.9679992676,79.9679992676,79.9679992676,79.9679992676,79.9679992676,80.6400024414,80.6400024414,80.6400024414,80.6400024414,79.2960021973,77.9520019531,76.608001709,0,67.2,67.2,67.2,67.2,67.2,67.2,67.2,67.8719970703,67.8719970703,67.8719970703,67.8719970703,67.2,67.2,67.2,67.2,67.2,67.2,67.2,67.2,67.2,67.2,67.2,67.2,67.2,73.2479980469,73.2479980469,73.2479980469,73.2479980469,73.2479980469,73.2479980469,78.6239990234,81.9840026855,83.3279968262,81.9840026855,84.6719970703,87.3599975586,86.0159973145,83.3279968262,74.591998291,73.2479980469,73.2479980469,73.2479980469,73.2479980469,67.2,63.8400024414,61.8239990234,61.1520019531,61.1520019531,61.1520019531,61.1520019531,61.1520019531,61.1520019531,80.6400024414,80.6400024414,80.6400024414],"W":[79.9679992676,79.9679992676,79.9679992676,79.9679992676,79.9679992676,79.9679992676,79.9679992676,79.9679992676,79.9679992676,79.9679992676,79.9679992676,79.9679992676,79.9679992676,79.9679992676,79.9679992676,79.9679992676,79.9679992676,79.9679992676,79.9679992676,79.9679992676,79.9679992676,79.9679992676,79.9679992676,79.9679992676,79.9679992676,79.9679992676,79.9679992676,79.9679992676,79.9679992676,79.9679992676,79.9679992676,79.9679992676,79.9679992676,79.9679992676,80.6400024414,80.6400024414,80.6400024414,80.6400024414,79.2960021973,77.9520019531,76.608001709,0,67.2,67.2,67.2,67.2,67.2,67.2,67.2,67.8719970703,67.8719970703,67.8719970703,67.8719970703,67.2,67.2,67.2,67.2,67.2,67.2,67.2,67.2,67.2,67.2,67.2,67.2,67.2,73.2479980469,73.2479980469,73.2479980469,73.2479980469,73.2479980469,73.2479980469,78.6239990234,81.9840026855,83.3279968262,81.9840026855,84.6719970703,87.3599975586,86.0159973145,83.3279968262,74.591998291,73.2479980469,73.2479980469,73.2479980469,73.2479980469,67.2,63.8400024414,61.8239990234,61.1520019531,61.1520019531,61.1520019531,61.1520019531,61.1520019531,61.1520019531,80.6400024414,80.6400024414,80.6400024414],"X":[21.3247993539,21.3247993539,25.3231993173,21.3247993539,41.3167991708,37.3183992074,33.3199992441,29.3215992807,29.3215992807,29.3215992807,33.3199992441,41.3167991708,33.3199992441,37.3183992074,37.3183992074,29.3215992807,33.3199992441,25.3231993173,25.3231993173,21.3247993539,25.3231993173,29.3215992807,25.3231993173,29.3215992807,29.3215992807,29.3215992807,25.3231993173,29.3215992807,29.3215992807,21.3247993539,25.3231993173,25.3231993173,25.3231993173,29.3215992807,61.8240040672,53.760003823,33.6000032127,33.6000032127,40.9696031246,36.3776026946,20.4288020328,0,28.0000001341,24.6400001341,24.6400001341,21.2800001341,17.9200001341,21.2800001341,17.9200001341,7.91839735225,7.91839735225,21.4927967663,21.4927967663,41.4400001341,41.4400001341,38.0800001341,38.0800001341,11.2000001341,14.5600001341,21.2800001341,24.6400001341,31.3600001341,28.0000001341,34.7200001341,31.3600001341,21.2800001341,23.1951979001,26.8575978024,26.8575978024,23.1951979001,26.8575978024,26.8575978024,24.8975990339,34.1600035205,38.8863960403,38.2592036548,39.5135963604,40.7679970005,40.1407966805,43.0527958816,31.0799980126,26.8575978024,23.1951979001,23.1951979001,23.1951979001,17.9200001341,7.44800244674,10.3039991468,10.1920020752,16.3072022705,13.2496021728,19.3648023681,19.3648023681,19.3648023681,37.6320033348,37.6320033348,29.5680030906],"Y":[49.3136018021,41.3168018754,29.3216019852,41.3168018754,25.3232020219,41.3168018754,45.3152018388,33.3200019486,17.3264020951,9.32960216835,13.3280021317,13.3280021317,5.33120220497,13.3280021317,17.3264020951,25.3232020219,29.3216019852,33.3200019486,41.3168018754,37.318401912,29.3216019852,37.318401912,41.3168018754,45.3152018388,29.3216019852,33.3200019486,29.3216019852,25.3232020219,21.3248020585,29.3216019852,33.3200019486,29.3216019852,41.3168018754,37.318401912,73.9199912608,57.7919907725,37.6319901621,37.6319901621,29.0751908591,36.3775919956,39.5807929978,0,31.3599993294,31.3599993294,31.3599993294,38.0799993294,34.7199993294,38.0799993294,38.0799993294,41.8544097231,31.6736101626,28.2800103091,21.492810602,58.2399993294,54.8799993294,48.1599993294,41.4399993294,38.0799993294,34.7199993294,34.7199993294,41.4399993294,27.9999993294,21.2799993294,27.9999993294,21.2799993294,24.6399993294,26.857606691,19.5328068863,15.8704069839,12.2080070816,19.5328068863,23.1952067886,17.0352030729,30.0607889768,34.7200110704,30.0607889768,31.0464102879,23.2960086498,22.9376096153,30.5536112291,34.8096055789,30.5200065933,34.1824064957,30.5200065933,26.857606691,31.3599993294,32.9839904518,28.8512029964,25.4799920656,19.3647918703,28.5375921632,19.3647918703,16.3071917726,19.3647918703,25.5359897959,21.5039896739,17.4719895518],"IsValid":[1,1,1,1,1,1,1,1,1,1,1,1,1,1,1,1,1,1,1,1,1,1,1,1,1,1,1,1,1,1,1,1,1,1,1,1,1,1,1,1,1,0,1,1,1,1,1,1,1,1,1,1,1,1,1,1,1,1,1,1,1,1,1,1,1,1,1,1,1,1,1,1,1,1,1,1,1,1,1,1,1,1,1,1,1,1,1,1,1,1,1,1,1,1,1,1,1]}