{"DotNum":[0,0,0,0,1,1,1,1,2,2,2,2,2,3,3,3,3,4,4,4,5,5,5,5,6,6,6,6,6,7,7,7,7,7,8,8,8,9,9,9,9,9,10,10,10,10,11,11,11,12,12,12,12,13,13,13,13,14,14,14,14,15,15,15,15,15,16,16,17,17,17,17,18,18,18,18,19,19,19,19,20,20,20,20,20,21,21,21,21,22,22,22,22,22,23,23,23],"XPts":[142.947502136,142.947502136,142.947502136,142.947502136,100,100,100,100,111.039557457,111.039557457,111.039557457,111.039557457,111.039557457,183.576102257,183.576102257,183.576102257,183.576102257,56.3686472178,56.3686472178,56.3686472178,224.868173599,224.868173599,224.868173599,224.868173599,100,100,100,100,100,248.151879311,248.151879311,248.151879311,248.151879311,248.151879311,187.066972256,187.066972256,187.066972256,528,528,528,528,528,284,284,284,284,343.241686821,343.241686821,343.241686821,528,528,528,528,183.685557127,183.685557127,183.685557127,183.685557127,40,40,40,40,423.66652441,423.66652441,423.66652441,423.66652441,423.66652441,40,40,374.167259693,374.167259693,374.167259693,374.167259693,453.914194107,453.914194107,453.914194107,453.914194107,40,40,40,40,424.808191776,424.808191776,424.808191776,424.808191776,424.808191776,148.088550448,148.088550448,148.088550448,148.088550448,435.383202076,435.383202076,435.383202076,435.383202076,435.383202076,162,162,162],"YPts":[353.634263039,353.634263039,353.634263039,353.634263039,406,406,406,406,120.487745643,120.487745643,120.487745643,120.487745643,120.487745643,213.855215311,213.855215311,213.855215311,213.855215311,145.198321342,145.198321342,145.198321342,105.571192503,105.571192503,105.571192503,105.571192503,162,162,162,162,162,155.322780252,155.322780252,155.322780252,155.322780252,155.322780252,200.976672173,200.976672173,200.976672173,40,40,40,40,40,40,40,40,40,247.733955383,247.733955383,247.733955383,280,280,280,280,272.61279583,272.61279583,272.61279583,272.61279583,280,280,280,280,158.485703468,158.485703468,158.485703468,158.485703468,158.485703468,280,280,216.771006584,216.771006584,216.771006584,216.771006584,152.733287811,152.733287811,152.733287811,152.733287811,40,40,40,40,69.2178320885,69.2178320885,69.2178320885,69.2178320885,69.2178320885,245.535702705,245.535702705,245.535702705,245.535702705,115.041584969,115.041584969,115.041584969,115.041584969,115.041584969,220,220,220],"XCam":[-0.275504418612,-0.275504418612,-0.275504418612,-0.275504418612,-0.969375,-0.969375,-0.969375,-0.969375,-0.791017149836,-0.791017149836,-0.791017149836,-0.791017149836,-0.791017149836,0.380901402086,0.380901402086,0.380901402086,0.380901402086,-1.67429404339,-1.67429404339,-1.67429404339,1.04802642971,1.04802642971,1.04802642971,1.04802642971,-0.969375,-0.969375,-0.969375,-0.969375,-0.969375,1.42420380011,1.42420380011,1.42420380011,1.42420380011,1.42420380011,-7.1270662637,-7.1270662637,-7.1270662637,-1.70154929577,-1.70154929577,-1.70154929577,-1.70154929577,-1.70154929577,-5.5845,-5.5845,-5.5845,-5.5845,-4.64174364934,-4.64174364934,-4.64174364934,-1.70154929577,-1.70154929577,-1.70154929577,-1.70154929577,-7.18087719917,-7.18087719917,-7.18087719917,-7.18087719917,-9.46745070423,-9.46745070423,-9.46745070423,-9.46745070423,-3.36188430608,-3.36188430608,-3.36188430608,-3.36188430608,-3.36188430608,1.70154929577,1.70154929577,7.01939764149,7.01939764149,7.01939764149,7.01939764149,8.28846901502,8.28846901502,8.28846901502,8.28846901502,1.70154929577,1.70154929577,1.70154929577,1.70154929577,7.82528388286,7.82528388286,7.82528388286,7.82528388286,7.82528388286,3.42164156251,3.42164156251,3.42164156251,3.42164156251,7.99357176684,7.99357176684,7.99357176684,7.99357176684,7.99357176684,3.64302464789,3.64302464789,3.64302464789],"YCam":[-6.69264102748,-6.69264102748,-6.69264102748,-6.69264102748,-7.52597535211,-7.52597535211,-7.52597535211,-7.52597535211,-2.98240974096,-2.98240974096,-2.98240974096,-2.98240974096,-2.98240974096,-4.4682346676,-4.4682346676,-4.4682346676,-4.4682346676,-3.37564722996,-3.37564722996,-3.37564722996,-2.74503170605,-2.74503170605,-2.74503170605,-2.74503170605,-3.64302464789,-3.64302464789,-3.64302464789,-3.64302464789,-3.64302464789,-3.53676515967,-3.53676515967,-3.53676515967,-3.53676515967,-3.53676515967,-0.662029359788,-0.662029359788,-0.662029359788,1.93875,1.93875,1.93875,1.93875,1.93875,1.93875,1.93875,1.93875,1.93875,-1.41745171666,-1.41745171666,-1.41745171666,-1.93875,-1.93875,-1.93875,-1.93875,-1.81940048262,-1.81940048262,-1.81940048262,-1.81940048262,-1.93875,-1.93875,-1.93875,-1.93875,0.02446535334,0.02446535334,0.02446535334,0.02446535334,0.02446535334,-1.93875,-1.93875,-0.917206575125,-0.917206575125,-0.917206575125,-0.917206575125,0.117402818799,0.117402818799,0.117402818799,0.117402818799,1.93875,1.93875,1.93875,1.93875,1.46669940032,1.46669940032,1.46669940032,1.46669940032,1.46669940032,-1.38193619683,-1.38193619683,-1.38193619683,-1.38193619683,0.726359392852,0.726359392852,0.726359392852,0.726359392852,0.726359392852,-0.969375,-0.969375,-0.969375],"Time":[0.24256,0.308086,0.373613,0.427609,0.261274,0.32872,0.395276,0.4616629,0.223088,0.278167,0.330776,0.384314,0.439516,0.230651,0.304555,0.382651,0.451937,0.245681,0.318792,0.395135,0.2583,0.315615,0.374872,0.434208,0.245913,0.301828,0.355579,0.4062,0.460397,0.229181,0.293996,0.345704,0.396397,0.447191,0.234092,0.316879,0.400787,0.24233,0.295422,0.353145,0.405607,0.45876,0.234136,0.285197,0.341988,0.412125,0.211309,0.29615,0.362892,0.270004,0.35305,0.405845,0.455888,0.231579,0.299875,0.367365,0.43826,0.23977,0.3050719,0.375554,0.43877,0.241755,0.29351,0.344716,0.407423,0.460513,0.229193,0.371711,0.203141,0.275658,0.326245,0.390972,0.211876,0.281349,0.353869,0.432614,0.260426,0.327073,0.379269,0.430257,0.212304,0.266127,0.321428,0.375478,0.435873,0.254244,0.321347,0.375013,0.43065,0.202234,0.25377,0.3114009,0.368337,0.420539,0.213229,0.340451,0.425434]}